{"coins":78,"currentLocation":{"x":6.739999771118164,"y":1.0399999618530274,"z":-0.0013058092445135117},"ID":"mamaguevo"}